"X","authentication","refuse","disclosing"
"jpgonlineservices.nl",0,0,"1"
"qualityservices.nl",1,0,"0"
"xs4all.net",1,0,"1"
"videobutler.nl",1,0,"0"
"pilotedprofits.com",1,0,"1"
"sollie.nl",1,0,"0.9"
"telfortglasvezel.nl",0.784002633311389,0.00107892619413357,"0.199352852849108"
"wulro.nl",0,0,"0"
"pagentex.com",1,0,"1"
"divaco.com",1,0,"0"
"advo.nl",0.333333333333333,0,"0"
"opglas.nl",1,0,"1"
"eqservers.com",0.916666666666667,0,"0.0027545983905633"
"dorned.nl",1,0,"0"
"i4ip.eu",1,0,"0"
"chr.router",1,0,"1"
"on.nl",0.931060606060606,0.0151515151515152,"0.0570416011314891"
"rodinnetworks.com",1,0,"0.0592352092352092"
"skoften.net",1,0,"0"
"ecesecurity.nl",1,0,"0"
"transportbrug.nl",1,0,"0"
"slvsale.com",0,0,"1"
"iskra.com",0,0,"1"
"as9143.net",0.333333333333333,0,"1"
"phpwebhosting.com",0,0,"1"
"ip-137-74-231.eu",1,0,"0.916666666666667"
"machandel.net",1,0,"0"
"mekker.nl",0,0,"0"
"makkelijkemoestuin.nl",0,0,"1"
"teleplaza.nl",0.5,0.5,"0"
"caiw.nl",0,0,"0"
"whoopaa.com",0,1,"0"
"clanordns.net",1,0,"1"
"i3d.net",0.742212604105187,0,"0.695400728168089"
"welderen.nl",1,0,"0"
"knothded33.nl",0,0,"1"
"ip-91-134-112.eu",1,0,"0"
"2-wifi4all.nl",1,0,"0"
"dchost.eu",0,0,"1"
"kvsa.nl",1,0,"0"
"vuurwerk.nl",0.75,0,"0.00132408152319657"
"shockmedia.nl",0,0,"1"
"dfbv.net",1,0,"0"
"veiligkantoor.com",1,0,"0"
"host-79-143-216-35.local",0,0,"1"
"bartsplace.net",1,0,"0"
"rsquare.nl",1,0,"0"
"ipacct.net",1,0,"1"
"lameco.nl",0,0,"1"
"elastic.nl",1,0,"1"
"net.nl",1,0,"0.127139703834644"
"sissden.eu",1,0,"0"
"fiberworld.nl",1,0,"1"
"ip4-net.nl",1,0,"0"
"edpnet.net",0.578166760775456,0.101468097120271,"0.123208391759425"
"acbkenniscentrum.nl",1,0,"0"
"ctrader.com",0,0,"0"
"valk.nl",1,0,"1"
"jacobsverzekerd.nl",1,0,"0"
"avaritia.com",0,0,"1"
"profile.nl",1,0,"1"
"goteo.org",0,0,"1"
"dgcc.nl",0,0,"0"
"suzukikeesbalvert.nl",1,0,"0"
"sms-manager.ru",0,0,"1"
"mannercontrastpier.com",1,0,"0"
"rgs.nl",1,0,"0"
"actv8.nl",1,0,"0"
"xoria.net",0,0,"1"
"klik3.nl",0,0,"1"
"haprovider.nl",0,0,"1"
"pnap.net",1,0,"0"
"co.uk",0.416666666666667,0,"0.316816143497758"
"netrebel.nl",1,0,"0.944444444444444"
"1vm.in",0.25,0,"0.97682119205298"
"actua.nl",0,0,"1"
"ip-193-70-109.eu",1,0,"1"
"olba.com",1,0,"0"
"halm.nl",0,0,"0"
"powerusenet.com",0,0,"0"
"fgbfacilitygroup.nl",1,0,"0"
"peetersgroup.com",0,0,"0"
"tmd.cloud",0.75,0,"0"
"zorgring.nl",0,1,"0"
"liteserver.nl",1,0,"1"
"phi-hospitality.net",1,0,"1"
"synques.nl",0,0,"0"
"rafikmedia.com",1,0,"0"
"vosijzerhandel.nl",1,0,"0"
"uithangbordjes.nl",1,0,"0"
"kuiterstimmerfabriek.nl",0,0,"0"
"ip-137-74-99.eu",1,0,"1"
"knxonline.be",1,0,"1"
"verhaak.nl",0,0,"0"
"com.au",0,0,"1"
"sandshrew.net",0.5,0,"0"
"bruck.nl",1,0,"1"
"grnst.com",1,0,"0"
"com.br",1,0,"0.511792452830189"
"inter-hosting.nl",0,0,"1"
"serverssoft.com",1,0,"0"
"co.il",0,0,"1"
"wellinga.nl",1,0,"0"
"mozo.nl",1,0,"0"
"maikelborn.nl",1,0,"0"
"verelox.net",0,0,"0"
"bbinfra.net",1,0,"0"
"bluetelephony.nl",0.625,0.25,"0"
"hein-ict.nl",1,0,"0"
"studentbostad-uppsala.se",0,0,"1"
"metaalhandel-ketting.com",1,0,"0"
"datapas.nl",0,0,"1"
"lfs.net",1,0,"0"
"dogroep.nl",1,0,"0"
"pcsd.nl",0,1,"0"
"clickkon.ml",1,0,"1"
"ravengraphy.nl",0,0,"1"
"ernashipping.com",0,0,"1"
"tinconnect.nl",0,1,"0"
"tudelft.net",0.944905496521374,0,"0.493066114898519"
"fusixnetworks.net",0.6,0.2,"0.181005586592179"
"ipone.nl",0.666666666666667,0,"0"
"be-da.mk",1,0,"0"
"heutsverzekeringen.nl",1,0,"0"
"toolsforresearch.com",0,0,"1"
"tinkiteasy.com",0,0,"0"
"keuzenkamp.eu",1,0,"0"
"ip-91-134-50.eu",1,0,"1"
"hosted-hostslim.eu",0.5,0,"0.395021645021645"
"df-ix.net",1,0,"0"
"amnitec.nl",1,0,"0"
"hostdoze.com",1,0,"0"
"vosbelastingadvies.nl",1,0,"0"
"m000.eu",0,0,"1"
"gtt.net",0.742424242424242,0,"0.169992526158445"
"midphase.com",0,0,"1"
"direct-adsl.nl",0.883257781822138,0.00785768137253286,"0.147654882639564"
"rs-products.nl",1,0,"0"
"aveha.com",1,0,"0"
"onweerswolk.nl",0.75,0,"0.96559171714938"
"hosting-concepts.nl",1,0,"0"
"h4hosting.eu",1,0,"0"
"u-diagnostics.com",1,0,"1"
"qwezz.nl",1,0,"1"
"estatehosting.nl",1,0,"0"
"rhellas.com",0,0,"1"
"infracom.nl",0,0,"0.590361445783133"
"glasoperator.nl",0.883822284651645,0.0734456765423151,"0.0586275334475056"
"dotcombusiness.nl",1,0,"0"
"darico.nl",1,0,"0"
"kjtromp.nl",1,0,"0"
"namaaegypt.com",1,0,"0"
"dektec.nl",1,0,"0"
"vdwinkel.nl",0,0,"1"
"thenetworkfactory.nl",0.724786324786325,0.00366300366300366,"0.153789259125932"
"wanbound.com",1,0,"0"
"amtexhost.nl",1,0,"0"
"seabone.net",1,0,"1"
"surf.net",0.25,0,"0"
"alslug.dk",0,0,"1"
"stipte.nl",1,0,"0"
"nuonbeveiliging.nl",0,0,"1"
"ziggozakelijk.nl",0.824458158430376,0.0299813670114674,"0.252498282652131"
"rabidfiles.com",1,0,"0"
"sanmax.be",1,0,"0"
"telpatelecom.nl",0.825454545454545,0.116363636363636,"0"
"vandemheen.nl",1,0,"0"
"ip-217-182-4.eu",0.5,0,"0"
"cosinesciencecomputing.net",1,0,"1"
"gondelach.nl",1,0,"0"
"meswifi.com",1,0,"1"
"hitlerattacks.com",0,0,"0"
"sixhop.net",1,0,"0"
"studioblique.nl",1,0,"0"
"strootman.com",1,0,"0"
"maxxton.com",1,0,"0"
"maxsportsandwellness.nl",0,0,"0"
"sh-networks.net",1,0,"0"
"verhoevenbv.nl",1,0,"0"
"xillion.nl",1,0,"0"
"kids-f.nl",0,1,"0"
"fcsrv.net",0.333333333333333,0,"0.868421052631579"
"vrc.net",0.666666666666667,0,"0"
"ccare.network",0,0,"1"
"vaikus.eu",0,0,"1"
"3ict.nl",0,0,"0"
"tritium.nl",0,0,"0"
"vepv.nl",1,0,"0"
"g2a.com",1,0,"0"
"vdhelm.com",0,0,"0"
"ucr.nl",1,0,"0.971961152882206"
"ip-5-196-45.eu",1,0,"1"
"virtualbuilding.nl",1,0,"0"
"whatbox.ca",1,0,"0"
"school-pi.nl",1,0,"0"
"voulonaccountants.nl",1,0,"0"
"msn.net",0,0,"1"
"anonmix.eu",0,0,"1"
"petervanlimpt.nl",1,0,"0"
"annavantoor.nl",1,0,"0"
"gewoon-it.net",1,0,"0"
"1.deltahost-ptr",0,1,"0"
"unobv.com",0,1,"0"
"comsave.nl",0.933333333333333,0.0571428571428571,"0.304027959864764"
"doict4u.nl",1,0,"0"
"hoffelijk.nl",1,0,"0"
"zoggelbetonwerken.local",0,0,"0"
"cobytes.io",0.75,0,"0"
"medieja.nl",0,0,"1"
"extraip.nl",1,0,"1"
"open.net",1,0,"0.992592592592593"
"maplehosting.com",0.82,0,"0"
"ncg.nl",1,0,"0"
"vosbouw-assen.nl",1,0,"0"
"duocast.net",1,0,"0"
"sonabusiness.com",1,0,"1"
"8doubieflacks8.us",0,0,"1"
"valedu.ru",0,0,"0"
"inspiringnetworks.com",0,0,"0"
"exaservers.com",1,0,"0"
"digicore-europe.com",1,0,"0"
"md-consultancy.com",0.5,0.5,"0.287735849056604"
"kobyla.org",0,0,"0"
"he.net",1,0,"0.0992155246229893"
"alewijnott.nl",1,0,"1"
"novionautic.nl",1,0,"0"
"kabeltex.nl",0.803571428571429,0.0535714285714286,"0.0399080728375883"
"fawo.nl",0,0,"1"
"faciladmin.com",0,0,"1"
"webwerkers.nl",1,0,"0"
"above.net",0,0,"0"
"visafslaglauwersoog.com",1,0,"0"
"osso.nl",0.666666666666667,0,"0"
"telemagic.nl",1,0,"0"
"drwilco.net",0,0,"1"
"serverhub.ru",1,0,"1"
"belkinylogas.com",1,0,"0"
"sectionzero.org",0,0,"1"
"eventict.nl",1,0,"1"
"caiway.nl",0.852318011919281,0.0232974300662745,"0.0938148880495975"
"danlka133r.ru",0,0,"1"
"ip-151-80-199.eu",0,0,"0"
"profextru.nl",1,0,"0"
"yisp.nl",0,0,"0"
"serverhosh.com",0.5,0,"0"
"rebedex.nl",1,0,"0"
"odrioo.com",1,0,"0"
"otjevanpotje.nl",1,0,"0"
"as39637.net",0,0,"0"
"xitens.net",1,0,"0"
"avestadns.com",1,0,"1"
"demon.nl",0.183333333333333,0.3,"0.21552489159779"
"pccwglobal.net",1,0,"0"
"slaraak.nl",0.25,0.75,"0"
"projecttobusiness.com",1,0,"0"
"hz.nl",1,0,"1"
"ip-51-254-234.eu",1,0,"0"
"mbmhosting.net",0.5,0,"0"
"ip-79-137-95.eu",1,0,"1"
"cambrium.nl",0.78968253968254,0.0476190476190476,"0.406578260212621"
"rapiserv.net",0,0,"1"
"animallovers.nl",1,0,"0"
"palion.nl",0,1,"0"
"kloostermanbv.com",1,0,"1"
"evart.link",0,0,"1"
"xs4all.nl",0.238206050718895,0.0106027277901799,"0.0805005134359383"
"arenapenthouse.com",1,0,"0"
"co.za",0,0,"1"
"parentix.nl",1,0,"0"
"amospalla.es",1,0,"1"
"ac.za",1,0,"0"
"spaargarenaccountants.nl",1,0,"0"
"gewoongoedwerken.nl",0,0,"1"
"lucicom.nl",0,0,"0"
"progroup.nl",1,0,"0.00272727272727273"
"castor.nl",0.642857142857143,0,"0"
"beren.nl",0,0,"0"
"hoeberechts.nl",1,0,"0"
"heavac.nl",0,0,"0"
"hvdh.nl",1,0,"0"
"businessconnect.nl",0.333333333333333,0,"0"
"probisnederland.com",1,0,"0"
"keysystems.nl",1,0,"1"
"despiegelhaarlem.nl",1,0,"0"
"pola.nl",1,0,"0"
"digiservers.nl",0,1,"0"
"mkonijnbv.nl",0,1,"0"
"hosting4u.nl",0.6,0,"0"
"onsbrabantnet.nl",0.956183862433862,0.00148809523809524,"0.0956066613564238"
"org.ua",1,0,"1"
"gl-ix.nl",0,0,"0"
"shazoo.eu",0,0,"1"
"bganglobal.net",0.5,0,"0.00492610837438424"
"wagenaar.nu",1,0,"0"
"webazilla.com",0.7,0,"0.699883078231292"
"thuisinamsterdam.com",0,1,"0"
"prezent.nl",0,0,"0"
"surfnet-cidr-block-98-145.invalid",0,1,"0"
"vechtsebanen.nl",0,1,"0"
"ispfabriek.nl",1,0,"0"
"ndi.nl",0.833333333333333,0,"0"
"thereca.nl",1,0,"1"
"cerenta.nl",0,0,"1"
"boeve.nl",0,1,"0"
"achos.nl",0,0,"1"
"ip-193-70-101.eu",0.75,0,"1"
"smm-online.ru",0,0,"1"
"caret.net",0,0,"0"
"hrtelecom.nl",1,0,"0"
"anaccarwash.com",0,0,"0"
"zarrinserver.com",1,0,"0.824074074074074"
"ilwebmaster21.com",0,0,"0"
"thermotraffic.com",0,0,"0"
"sender.al",0,0,"1"
"redheadnet.nl",1,0,"0"
"unameit.nl",0,0,"0"
"europe-rec.com",1,0,"0"
"box.nl",0.517727272727273,0.224545454545455,"0.0309774807891881"
"rrkoeriers.nl",1,0,"0"
"as43190.net",0,0,"0"
"sekoya.com",1,0,"1"
"hzvv.nl",1,0,"0"
"co.id",1,0,"0"
"reliabledns.org",1,0,"0"
"diga-colmore.local",1,0,"0"
"wolffelaar.nl",1,0,"0"
"dekkerbv.eu",1,0,"0"
"nac.nl",1,0,"0"
"vusam.com",1,0,"0"
"promotionscarrefour.com",1,0,"0"
"stablehost.com",0.9,0,"0.428030303030303"
"quidor.net",0,0,"0"
"ggdzhw.nl",1,0,"1"
"glasbest.com",1,0,"0"
"bitcom.nl",1,0,"0"
"socjmj.org",1,0,"0"
"yor-game.nl",0.133333333333333,0,"0"
"stinafo.nl",1,0,"0"
"syserv.nl",1,0,"0"
"hetnet.nl",0.841933242889431,0.0020296042271757,"0.0999267150318309"
"archkroft.nl",0,1,"0"
"bosgoed.nl",0,0,"0"
"scaleway.com",0.533333333333333,0,"0.589672096908939"
"totab.nl",1,0,"0"
"ujala.nl",1,0,"0"
"dnazone.net",0,0,"1"
"flirtmailer.info",1,0,"0"
"intouch.net",0,0,"0"
"tmdhosting107.eu",0.75,0,"0.428571428571429"
"skyberate.nl",0.5,0,"0.282592592592593"
"dakkindercentra.nl",1,0,"0"
"xsyou.nl",1,0,"1"
"dutchwyse.com",1,0,"1"
"mylady8.com",1,0,"0"
"serverius.com",1,0,"0"
"synchronecs.com",0,0,"0"
"advantech.eu",1,0,"0"
"bikube.nl",1,0,"0"
"dcnh.nl",1,0,"0"
"netrouting.net",0.857142857142857,0,"0.271563981042654"
"plaza.nl",0,0,"0.42879767291532"
"introweb.nl",0.765829248366013,0.0179738562091503,"0.0394526884433273"
"pdu.pdu",1,0,"0"
"alm01.cloud",0.5,0,"0"
"telecityredbus.nl",1,0,"0"
"provite.nl",1,0,"0"
"sitbv.nl",1,0,"1"
"flowers-media.com",0,1,"0"
"witsandmanagement.nl",1,0,"0"
"vierhout-metaal.nl",1,0,"0"
"aplusprofessional.nl",1,0,"0"
"konstenvanpolen.nl",0,0,"0"
"jvandelinde.nl",0,1,"0"
"unity-x.nl",1,0,"0"
"bbeyond.nl",0.825193325193325,0.0562678062678063,"0.0295415329747743"
"nlserver.net",1,0,"0"
"banahosting.com",1,0,"0"
"jh-security.nl",1,0,"0"
"domino-ict.nl",0,0,"0"
"jemoeder.com",0,0,"0"
"hccnet.nl",0.5,0,"0"
"all-remote-controls.nl",0,0,"1"
"omegafood.nl",0,0,"0"
"24.deltahost-ptr",1,0,"1"
"dlili7a.faith",0,0,"1"
"tesleg.ru",0,0,"1"
"wimood.nl",1,0,"0"
"atsc.nl",0,1,"0"
"displayconcepts.nl",1,0,"0"
"educoaching.ru",0,0,"1"
"properict.nl",1,0,"1"
"clonedvapors.com",0,0,"1"
"farmdairy.com",1,0,"0"
"blackgate.nl",0.955263157894737,0.0447368421052632,"0.000146198830409357"
"ztomy.com",1,0,"0"
"vu.nl",1,0,"0"
"veluweip.nl",1,0,"1"
"2boyz.org",0,0,"1"
"ehd.nl",0,1,"0"
"cheslindo.net",0,0,"1"
"slagharen.com",1,0,"0"
"grando.nl",1,0,"0"
"vaccinatiecentrum.nl",1,0,"0"
"greeni.nl",0,0,"0"
"contictisp.nl",0.5,0,"0"
"refuge.net",1,0,"0"
"globalconnex.net",0.5,0,"0"
"lightower.net",1,0,"0"
"techconnect.nl",1,0,"0"
"azonics.hu",1,0,"1"
"v8or.nl",0,0,"0"
"d-server.nl",0.75,0,"0"
"psychz.net",1,0,"1"
"atrato.net",1,0,"0"
"cellcare.nl",1,0,"0"
"wo-e.nl",0,0,"0"
"serbialodging.com",1,0,"1"
"boa-amsterdam.nl",1,0,"0.483333333333333"
"gen.tr",0,0,"1"
"smallhold.nl",1,0,"0"
"virtu.nl",0.818879585326954,0.00219298245614035,"0.745375899631836"
"sollie-dsl.nl",0.875,0,"0.149780966475783"
"cheap-dedicated-server.com",1,0,"0"
"clientshostname.com",0.666666666666667,0,"0"
"alma-tec.nl",1,0,"0"
"zwaard.nl",0,1,"0"
"systemongrid.com",0,0,"0.912903225806452"
"verbeekprojects.nl",0,0,"0"
"offersbarrel.com",1,0,"0"
"deruntrading.nl",1,0,"0"
"dierenopvang.com",1,0,"0"
"tradelab.fr",1,0,"0"
"e-active.nl",1,0,"0"
"vvebelang.nl",1,0,"0"
"skyhost.systems",0,0,"0"
"carat.nl",1,0,"0"
"adnovate.com",0,0,"0"
"tilaa.cloud",0.333333333333333,0,"0.493670886075949"
"prodinter.com",1,0,"1"
"jcvandenbostransport.nl",0,1,"0"
"exset.com",1,0,"0"
"wea-mh.nl",0,0,"0"
"iothings.nl",1,0,"1"
"rvansloten-test.nl",0,0,"1"
"ip-151-80-201.eu",1,0,"1"
"2tci.nl",1,0,"0"
"maku.nl",0,1,"0"
"knothded42.nl",0,0,"1"
"ua-hosting.company",0.5,0,"0"
"debresser.nl",1,0,"0"
"speedxs.nl",0.805555555555556,0.025,"0.163102214733633"
"midaswinkels.nl",1,0,"0.386792452830189"
"as65342.net",0,0,"1"
"intercourseteaching.com",1,0,"0"
"vectorclass.net",1,0,"0"
"ecoware.nl",1,0,"0"
"coloprovider.nl",0,0,"1"
"benessere.website",1,0,"0"
"knothbackup1.nl",0,0,"1"
"mxposure.nl",0.8,0,"0.000925925925925926"
"martenstransport.nl",1,0,"0"
"unidis.nl",1,0,"0"
"kwintusnova.local",0,1,"0"
"a2b-internet.com",0.752160890029953,0.247839109970047,"0.00869022142474133"
"agarica.nl",1,0,"0"
"galeoconsulting.com",1,0,"0"
"ixlhosting.nl",0,0,"1"
"philipsenet.nl",1,0,"0"
"ip-51-255-127.eu",1,0,"0.283132530120482"
"websitebeheerjd.nl",1,0,"0"
"telia.net",0.833333333333333,0,"0"
"dutchsalads.nl",1,0,"0"
"garagegijsberts.nl",0,0,"0"
"optimabatteries.nl",1,0,"0"
"tcataxi.nl",1,0,"0"
"ictcomplete.nl",1,0,"0"
"servicedesk-glm.nl",1,0,"0"
"zeelandnet.nl",0.743471673254282,0.029175607001694,"0.267699573497786"
"limenetwork.eu",1,0,"1"
"vanbonbv.nl",1,0,"0"
"bascomputers.nl",1,0,"0"
"ifs-debiteurenbeheer.nl",0,1,"0"
"ip-51-68-177.eu",1,0,"1"
"network-mirror.net",0,0,"0"
"proxility.net",1,0,"0"
"cemag.nl",0,0,"0"
"aeict.net",1,0,"1"
"vvvzeeland.nl",1,0,"0"
"skwshop.nl",0,0,"1"
"64.deltahost-ptr",0,0,"0"
"return1.net",0,0,"1"
"netaffairsdsl.nl",0.3,0,"0"
"notariskantoorledeboer.nl",1,0,"0"
"stije.net",0,0,"1"
"mgnhost.com",1,0,"0"
"iptp.net",0,0,"0"
"pplusw.nl",0.5,0.5,"0"
"connectux1.wijmenga",1,0,"0"
"skb-enterprise.com",1,0,"0"
"server.ams1",0,0,"0"
"spectrumeurope.nl",1,0,"0"
"ftth-083-247-086-151solcon.nl",1,0,"1"
"nextgenerationnetworks.nl",0.690688775510204,0.0727040816326531,"0.220295641311062"
"qweb.net",0,0,"0"
"no-reverse-dns-configured.com",0.875,0,"0.391268269586854"
"ddfr.nl",0.868686868686869,0.0202020202020202,"0.140662494759718"
"brandvanegmond.com",0,0,"0"
"peugeotdavo.nl",1,0,"0"
"argo-ict.com",1,0,"0"
"virtiso.nl",0,0,"1"
"aiwebhost.com",0,0,"0"
"youload.de",1,0,"0"
"trido.nl",1,0,"0"
"2r.nl",1,0,"0"
"weserve.nl",0.795442207376984,0.0310411795202149,"0.507067726922663"
"24x7hosting.nl",1,0,"1"
"almeloord.nl",1,0,"0"
"novitrading.nl",1,0,"1"
"onurbektas.com",0,0,"1"
"smart-sign.nl",1,0,"0"
"intovps.com",0.6,0,"0.0373134328358209"
"rachettraffic.com",1,0,"0"
"infrait.net",0,0.5,"0"
"hdprecision.nl",1,0,"0"
"sosmedpedia.com",1,0,"0"
"apl.ch",1,0,"0"
"knothse1.nl",0,0,"1"
"tni.org",0,0,"1"
"bjvh.nl",1,0,"0"
"risdantech.com",1,0,"1"
"modabagno.gr",1,0,"0"
"autotrust.nl",1,0,"0"
"onthoutons.nl",1,0,"0"
"bestpromoeverr.com",0.8,0,"0"
"surfnet-cidr-block-v.invalid",1,0,"0.00430359937402191"
"blijderveer-fruit.nl",1,0,"0"
"hazet.nl",0,1,"0"
"annoyingservant.win",0,0,"1"
"dt-it.nl",1,0,"0"
"cloudi.ro",1,0,"0"
"ribwavv.nl",0.333333333333333,0,"0"
"systemec.nl",0.909722222222222,0.0277777777777778,"0.02402097355045"
"edkhome.nl",0,0,"0"
"boatnet.host",0,0,"0"
"spango.com",0,0.111111111111111,"0"
"interkenrenetym.com",0,0,"0"
"joostrijneveld.nl",0,0,"1"
"newsoo.fr",0,0,"1"
"efnet.org",1,0,"0"
"poelmanbv.eu",1,0,"0"
"serverel.net",0.5,0,"1"
"hyperfilter.com",0,0,"0"
"tripleaudio.nl",1,0,"1"
"antispam.ml",1,0,"0"
"ale.nl",1,0,"1"
"selo.nl",0,1,"0"
"4com.nl",0,0,"0"
"2is.nl",1,0,"0"
"blackoakcomputers.com",1,0,"0.133333333333333"
"refreshserver.nl",0,0,"0"
"generalst.net",1,0,"0"
"luxusdev.com",1,0,"0"
"geoserve.nl",0,0,"1"
"247everywhere.net",0.875,0.125,"0.08"
"mitserv.com",0,0,"0"
"hostje.nl",0,0,"1"
"jecorvakbouwmarkt.nl",1,0,"0"
"eurorings.net",1,0,"0"
"hostingpower.nl",1,0,"0"
"tehdata2.com",1,0,"1"
"deheij.nl",1,0,"0"
"matdesign.nl",1,0,"0"
"sleevetechnology.com",1,0,"0"
"rmwserver1.nl",0,0,"1"
"farinmail.ir",1,0,"0"
"legaalcasino.co",0,0,"1"
"qonnected.net",0.570833333333333,0.0333333333333333,"0"
"kolen.nl",1,0,"0"
"teleport39.ru",1,0,"1"
"ifgbv.com",1,0,"0"
"novoserve.com",0,0,"0"
"newtalentgroup.nl",1,0,"0"
"m247.com",0.25,0,"0"
"pubmail.hu",1,0,"1"
"unamic.com",1,0,"0"
"hoverbus.top",1,0,"0"
"had.su",0.25,0,"0.86864406779661"
"promax.nl",1,0,"0"
"2times.nl",1,0,"0"
"ip-217-182-219.eu",1,0,"0"
"kempnetwork.com",0,0,"0"
"yavuzselim.net",0,0,"1"
"hummelrecycling.nl",1,0,"0"
"holdinga-almere.nl",1,0,"0"
"soliton.nl",1,0,"0"
"deruiter.nl",1,0,"0.221698113207547"
"flexwork.nl",0,1,"0"
"fmt32.net",0,0,"0"
"lemonweb.nl",1,0,"1"
"ebotex.nl",1,0,"0"
"16clouds.com",0,0,"0"
"studioroom.nl",1,0,"0"
"clearcampaign.net",1,0,"0"
"vantill.nl",0,0,"0"
"netvisit.nl",0.645670995670996,0.202597402597403,"0.00390203728511979"
"burgdev4.nl",0,0,"1"
"guru-techs.ru",1,0,"1"
"vellance.com",0,0,"1"
"microstudi.net",0,0,"1"
"hbk2000.nl",0,0,"0"
"admamsterdam.net",0,0,"1"
"plex.nl",1,0,"0"
"hosted-by-itldc.com",1,0,"1"
"maffio.nl",1,0,"0"
"iae.nl",0.666666666666667,0,"0.0343987823439878"
"joker123.info",1,0,"0"
"beheervanderloo.nl",1,0,"0"
"i-s-e.nl",0.111111111111111,0,"0"
"trendmedia.nl",1,0,"0"
"merzario.nl",1,0,"0"
"consbras.nl",0,0,"0"
"zayo.com",0.5,0,"0"
"admsnippe.nl",0,1,"0"
"technoberg.net",1,0,"0"
"beverageconcepts.nl",0,0,"1"
"pn.nl",0.333333333333333,0.333333333333333,"0"
"as62454.net",1,0,"0.0142857142857143"
"avydo.nl",0,0,"0"
"soliddrive.co",1,0,"1"
"newdayfashion.nl",0,0,"0"
"legro.nl",0,0,"0"
"breedbandhelmond.nl",1,0,"0.209302325581395"
"kpn-gprs.nl",0.62371869496278,0.00628236708689394,"0.449985087692401"
"nforce.com",1,0,"0"
"feyter.com",0,0,"0"
"abctilburg.nl",0,1,"0"
"vinkelst.nl",1,0,"0"
"rolflex.com",1,0,"0"
"uhost.nl",0,0,"0"
"allin.nl",1,0,"0"
"scconline.nl",0,0,"0"
"qaps.nl",1,0,"0"
"scoobytel.com",0,0,"1"
"bitlibre.net",1,0,"0"
"penningsgroep.com",0,1,"0"
"teleweb.network",1,0,"1"
"pdu01.local",1,0,"0"
"mmvi.nl",0,0,"0"
"kareltrans.nl",1,0,"1"
"nedzone.nl",0,0,"0"
"drivism.com",0,0,"1"
"knothserv11.nl",0,0,"1"
"imatrix.nl",0.818181818181818,0.0909090909090909,"0.205333333333333"
"weritech.net",0.75,0,"0"
"siyaharge.com",0,0,"0"
"kpn.net",0.787674391783479,0.0251315215536713,"0.0641040691591573"
"195-wifi4all.nl",1,0,"0"
"kbsdespringplank.nl",0,0,"0"
"rfsystems.nl",1,0,"0"
"dwp.im",0,0,"1"
"easynet.nl",0.666666666666667,0,"0.588390223345976"
"proguide.nl",0,0,"1"
"ef-service.nl",0.930952380952381,0,"0.12132707083365"
"haciend.com",0,0,"1"
"gunneman.nl",1,0,"0"
"solvento.nl",0,0,"0"
"onlinesystemen.nl",0,0,"0"
"puredesign.hu",1,0,"0"
"deanone.nl",0.785714285714286,0,"0"
"fxw.nl",0.611111111111111,0,"0.0842668344870988"
"interventus.nl",1,0,"0"
"routit.net",0.843673974822916,0.0575920946165807,"0.0708327718974626"
"focus-on-u.nl",1,0,"0"
"26.net",1,0,"0.347533632286996"
"schoutenelektrotechniek.nl",1,0,"0"
"hetcustomercarecenter.nl",0,0,"1"
"unitedmembers.net",1,0,"0"
"hilftelecom.nl",0,0,"1"
"rowebo.nl",1,0,"0"
"lomi.ga",0,0,"0"
"itouwtje.nl",1,0,"1"
"vitals.nl",0,0,"0"
"efaa.nl",0,1,"0"
"entreeding.com",0,0,"1"
"adriahost.com",1,0,"0"
"werbri.com",1,0,"0"
"centrehotels.nl",1,0,"1"
"a3bc.nl",0.651041666666667,0.078125,"0"
"erkemederstrand.nl",0,0,"0"
"idfnv.net",0.636363636363636,0,"0.784416408987838"
"alesmetaaltechniek.nl",0,0,"0"
"disampro.nl",1,0,"1"
"nbt.nl",1,0,"0"
"daxisweb.net",1,0,"0"
"goodcentr.ru",0,0,"1"
"kramerbant.nl",0,1,"0"
"drawlaps.trade",0,0,"1"
"vny.in",0,0,"0"
"al-anwaar.net",1,0,"0"
"hosted-by-hostdzire.com",0,0,"1"
"vuurwerk.net",1,0,"0"
"benerink.nl",0,1,"0"
"johntoy.local",1,0,"0"
"9ishdatariya.trade",0,0,"1"
"swjde.top",1,0,"1"
"nordicar.com",1,0,"0"
"pedanov.ru",1,0,"1"
"10gbps.io",1,0,"0"
"usem.tk",1,0,"1"
"ek-hosting.net",0.854166666666667,0,"0"
"dbp-onderwijs.nl",1,0,"0"
"ebrs.nl",1,0,"0"
"lnafreight.nl",0,1,"0"
"com.ve",1,0,"0"
"poneytelecom.eu",0.125,0,"0.996916299559471"
"ipublications.net",1,0,"1"
"jdplc.com",1,0,"0"
"seniorpoliticians.com",1,0,"1"
"acosti-notaris.nl",1,0,"0"
"dn-market.ru",0,0,"1"
"bax-ict.nl",0,1,"0"
"bwtadka.com",1,0,"0"
"seclab.nl",0.5,0,"0"
"server.eu",1,0,"0"
"ip-51-254-86.eu",0.5,0,"0.488636363636364"
"level23.nl",0,0,"1"
"nesscis.net",1,0,"0"
"computerwinkel.eu",1,0,"0"
"hostdzire.com",0.5,0,"0.725490196078431"
"hondsrugcollege.nl",0,0,"0"
"bigbaddutchman.net",1,0,"0"
"houseofhope.nl",1,0,"0"
"falkenaschilders.nl",0,1,"0"
"kvm.ip",1,0,"0"
"tpc-nederland.nl",1,0,"0"
"exam.com",0,0,"1"
"bouwmanadvocaten.nl",1,0,"0"
"uniserver.nl",0.5,0,"0.732843137254902"
"spruit.nl",0,0,"0"
"softboom.eu",1,0,"0"
"radus.nl",0,0,"0"
"dienstencentrumlauwersoog.nl",1,0,"0"
"ip-213-32-108.eu",0.5,0,"0.102325581395349"
"cxni.net",1,0,"0"
"faradars.org",1,0,"0"
"telserv.nl",0,0,"0"
"henko-ags.nl",0,1,"0"
"kimia.es",0,0,"0"
"odin-ict.nl",1,0,"0"
"uva.nl",0.166666666666667,0,"0.116279069767442"
"genox.nl",0,0,"1"
"sundowner.nl",1,0,"0"
"rotryx.com",1,0,"1"
"amsrv.net",0,0,"0"
"swiftway.net",0.98,0,"0.0680877359518199"
"esti-host.com",0,0,"1"
"btstech.nl",0.5,0,"0"
"mainweb.nl",1,0,"0"
"bmned.com",1,0,"0"
"interdaad.nl",0,0,"0"
"systechmedia.net",1,0,"0"
"an.tl",1,0,"0.919753086419753"
"nova-ict.nl",0,1,"0"
"server-codecordia.com",1,0,"0"
"bousse.fr",0,0,"1"
"ezidata.nl",1,0,"1"
"ic-hosting.nl",1,0,"0"
"glasvezelringhilversum.nl",1,0,"0"
"hostingu2.nl",1,0,"0"
"in2ip.nl",0,0,"0"
"dcube-resource.be",0,0,"0"
"infosecmag.ro",1,0,"0"
"ontmoeting.org",1,0,"0"
"ip-54-36-33.eu",0,0,"0.0782312925170068"
"metastyle.nl",1,0,"0"
"ictgrouphhw.nl",0,0,"0"
"ghost-central.com",0,1,"0"
"usenetlink.com",0,0,"1"
"prolocation.net",0.666666666666667,0.166666666666667,"0.098310291858679"
"dgt-bv.com",0,0,"0"
"serverhub.com",1,0,"0.911214953271028"
"tudelft.nl",0.832183199803478,0,"0.379857929344396"
"0l.de",0,0,"1"
"ipvisie.com",0.916666666666667,0.0277777777777778,"0.0618239506455366"
"harolds.nl",0,0,"1"
"ressis.network",1,0,"1"
"nlkoddos.com",1,0,"1"
"woonvast.nl",1,0,"0"
"controlin.nl",0,0,"0"
"bhost.net",0,0,"0"
"tiptel.nl",1,0,"0"
"icpcore.net",1,0,"0"
"ip-145-239-42.eu",0,0,"0"
"ip-164-132-222.eu",1,0,"0"
"readview.nl",1,0,"0"
"bakker.net",0,0,"0"
"bransus.com",1,0,"0"
"layer23.nl",1,0,"0"
"deanconnect.nl",0.729166666666667,0,"0"
"donnay.nl",1,0,"0"
"proudfashion.eu",1,0,"0"
"zoranet.nl",0,0,"0"
"hstar.nl",1,0,"0"
"as199332.nl",0,0,"0"
"mainhost.tech",1,0,"1"
"schilderscool.nl",0,1,"0"
"net.ar",1,0,"0"
"webscanners.net",0,0,"0"
"direct-admin-server.com",0,0,"1"
"melbi.space",0.0416666666666667,0,"0.235261707988981"
"grmexpertises.nl",1,0,"1"
"gblx.net",0.666666666666667,0,"0.0657698056801196"
"leaseweb.net",0.5,0,"0.00113122171945701"
"webh.eu",0,0,"1"
"ares-international.nl",0,0,"0"
"chello.nl",0.792909974127369,0.0258817799362372,"0.147076912616417"
"intermax.nl",1,0,"0"
"be-one.nl",0,0,"0"
"sypocode.net",1,0,"0"
"hostyourserver.eu",1,0,"0"
"ip-51-255-208.eu",1,0,"1"
"btmilfi.trade",0,0,"1"
"as197156.net",0.80952380952381,0.0952380952380952,"0.141254560417556"
"worldroyal.com",1,0,"0"
"a1.nl",1,0,"1"
"google.com",1,0,"0"
"simbo.nl",1,0,"0"
"eurobesthosting.com",1,0,"0"
"cjvianen.com",0,0,"0"
"itrace.me",0,0,"1"
"almanax.com",1,0,"0"
"beeldenmarkt.nl",1,0,"0"
"vanessenautomotive.nl",0,1,"0"
"cne.nl",0,0,"0"
"dkhn.nl",1,0,"0"
"atdstramproy.nl",1,0,"0"
"global-layer.com",1,0,"0"
"simac.nl",1,0,"0"
"radiomaasstad.eu",0,0,"1"
"peterstestserver.com",0,0,"1"
"segula.nl",1,0,"0"
"euro-index.nl",1,0,"0"
"eunx.net",0,0,"0"
"rock-solid.nl",1,0,"0"
"castornetworks.com",0.933333333333333,0,"0"
"bbn-bv.nl",1,0,"0"
"growingminds.nl",0,0,"1"
"it-serve.nl",0,0,"1"
"michelbrinkelektro.nl",1,0,"0"
"hoctraining.nl",1,0,"0"
"factor12.nl",1,0,"0"
"dolmanbeheer.nl",1,0,"0"
"idbedrijfsmakelaars.nl",1,0,"0"
"exclusief.net",1,0,"0"
"smdbwoudenberg.nl",1,0,"0"
"ngnetworks.nl",0.796951787377319,0.00257898130238556,"0.319547646477654"
"fiber010.nl",1,0,"1"
"vandijkfood.nl",0,0,"0"
"bintube.com",0,0,"1"
"hml.nl",1,0,"0"
"topplatform.nl",1,0,"0"
"zerospace.nl",1,0,"0.19672131147541"
"ecomation.nl",0,0,"0"
"epsilonhosting.nl",1,0,"0"
"dankers-cases.nl",0.916666666666667,0.0833333333333333,"0"
"cainiaojiameng.com",0,0,"0"
"mpbbrabant.nl",1,0,"0"
"infernoz.org",1,0,"0"
"repayholding.nl",0,1,"0"
"truecommunications.nl",1,0,"0"
"dumco.nl",1,0,"0"
"tangos.nl",0.825974025974026,0.00909090909090909,"0.0568109496206841"
"as1102.net",1,0,"1"
"alivini.nl",1,0,"0"
"webmedia-ede.nl",1,0,"0"
"terrastab.nl",0,1,"0"
"ip-149-202-25.eu",0,0,"0"
"tiedweek.us",1,0,"0"
"securenetworks.org",1,0,"0"
"isdsl.nl",0.71875,0.015625,"0.231624338624339"
"white.nl",1,0,"0"
"agritrans.nl",1,0,"0"
"gogrid.com",0.5,0,"0.962292609351433"
"coaton.nl",1,0,"0"
"cloudvention.net",1,0,"0"
"kantoorvandemortel.nl",1,0,"0"
"sinkeler.net",1,0,"1"
"ip-54-36-41.eu",1,0,"1"
"multi-storage.nl",1,0,"0"
"nextgennews.net",0,0,"1"
"xertog.nl",0.668390804597701,0.00900383141762452,"0.161766522878936"
"kantoormrvanzijl.nl",1,0,"0"
"commitment.nl",0.5,0,"0"
"leasevps.com",0,0,"1"
"directvps.nl",0.5,0,"1"
"sorcer.nl",0,0,"0"
"3c-nl.com",1,0,"0"
"voltman.nl",1,0,"0"
"grib.us",0,0,"1"
"not-assigned.nl",1,0,"0"
"wiseadvise.net",0,0,"0"
"plinq.nl",1,0,"0"
"cheapnews.eu",0,0,"0"
"aljamir.com",1,0,"0"
"mijnplinq.nl",1,0,"0"
"fayntic.com",1,0,"0"
"dehostingfirma.nl",1,0,"0"
"netvictory.net",0.645833333333333,0,"0.730480385986994"
"wfmatwork.nl",1,0,"0"
"flow-company.nl",1,0,"0"
"ig.ovhss",0,0,"0"
"kinderhulp.nl",1,0,"0"
"abelons.com",0,0,"0"
"nerdnet.nl",0,0,"1"
"baby.tk",0,0,"0"
"tinyurl.com",0,0,"0"
"boekhandelvingerling.nl",0,0,"0"
"proserve.nl",0.944444444444445,0,"0.426680970102023"
"dhmserver.nl",0,0,"1"
"vgib.nl",1,0,"0"
"anttail.com",1,0,"1"
"wxdsl.nl",0.824216012394626,0.11741740670658,"0.0161929365445995"
"prioritytelecom.net",0.856930308180308,0.0157348544848545,"0.447845083431878"
"skdedicated.com",1,0,"0"
"bserved.nl",1,0,"0"
"civilmanagement.nl",1,0,"0"
"eronity.com",1,0,"0"
"rogal.nl",1,0,"0"
"versatel.nl",0.996296958252756,0.000577145055790689,"0.739176452140537"
"tsoh.be",0,0,"0"
"soft-solutions.nl",1,0,"0"
"kuyf.nl",1,0,"1"
"getnoticed.nl",0,0,"1"
"westnederland.eu",1,0,"0"
"dcgv.nl",0,0,"0"
"esourceadmins.us",0,0,"1"
"tno.nl",0,0,"1"
"willems-ip.nl",0,0,"0"
"vliebo.nl",1,0,"0"
"mkb-profit.net",0,0,"1"
"heldenvannu.net",0.945609427609428,0.00540291806958474,"0.0522519429677863"
"utwente.nl",0.556805555555556,0.05,"0.11662030395289"
"hellodialog.com",0,0,"0"
"m440.nl",0,0,"0"
"liad.nl",1,0,"1"
"airfiberempe.nl",1,0,"1"
"dsdeurne.nl",0.7,0,"0.239387144992526"
"webzilla.com",0.5,0,"0"
"thoonen.eu",1,0,"0"
"exchangerates.su",0,0,"1"
"webtram.ru",0,0,"1"
"zorggroepmaasenwaal.nl",1,0,"0"
"bsgroup.nl",1,0,"0"
"ip-164-132-31.eu",1,0,"1"
"tribion.com",0.5,0.5,"0"
"interstroom.nl",1,0,"0"
"sits.pro",1,0,"1"
"sleso.nl",1,0,"0"
"nextgear.net",1,0,"0"
"gebrheinhuis.com",0,0,"0"
"glaslokaal.nl",0.0738498789346247,0.926150121065375,"0"
"com.my",0,0,"1"
"tweak.nl",1,0,"0"
"dicon.nl",1,0,"0"
"couponplus.ro",1,0,"1"
"aliensonacid.nl",0,0,"1"
"vissersadviesgroep.nl",0,1,"0"
"joed-ict.nl",1,0,"1"
"vsbill.net",1,0,"1"
"it-mailer.com",1,0,"0"
"qfast.net",0.75,0,"0.146697388632872"
"dibella.biz",0,0,"1"
"digris.ch",0,0,"0"
"holstweb.net",0,0,"1"
"extraip.net",1,0,"0.548062015503876"
"proffitplan.nl",1,0,"0"
"cappa-corporate.nl",1,0,"0"
"atami.com",0,0,"1"
"cscsport.nl",1,0,"0"
"prospexrelay.com",0,0,"1"
"planisys.net",1,0,"0"
"itasltd.com",0,0,"0"
"vzt.nl",1,0,"0"
"onexs.nl",1,0,"0"
"vandogdrill.net",1,0,"0"
"com.ua",0.5,0,"1"
"novaxess.nl",1,0,"0"
"alamaak.id",1,0,"0"
"digires.net",0.888888888888889,0,"0"
"gl-ix.net",0,0,"0"
"fr-ix.nl",0.833333333333333,0,"0.270833333333333"
"interhostsolutions.be",1,0,"0"
"lametbijkerk.nl",1,0,"0"
"signet.nl",0.649436469933741,0.0057739971627176,"0.0361349104591513"
"ip-217-182-35.eu",0,0,"1"
"svenfoo.org",0,0,"1"
"amsio.com",0,0,"0"
"boomtransport.nl",1,0,"0"
"zarabotaj-online.com",1,0,"1"
"nl-ix.net",0,0.125,"0"
"taf.nl",1,0,"1"
"kalanda.net",1,0,"0"
"daankromhout.nl",1,0,"0"
"fresh-trans.nl",1,0,"0"
"aantjesenschakel.nl",1,0,"0"
"t4is.nl",1,0,"0"
"promocstar.info",0,0,"1"
"simplendi.net",0,0,"0"
"rhinonewsgroups.com",0,0,"0"
"m2telecom.nl",1,0,"0"
"weservit.nl",1,0,"1"
"teleadsl.nl",0,1,"0"
"kleventa.nl",1,0,"1"
"human-insight.eu",1,0,"0"
"interstilbv.nl",1,0,"0"
"tilon.nl",1,0,"0"
"orangelemon.nl",0,0,"0"
"wldsl.nl",0.5,0,"0"
"vdmfoodgroup.nl",1,0,"0"
"webparking.nl",1,0,"0"
"omnivents.nl",1,0,"0"
"solcon.nl",0.868419949150722,0.0163879648268641,"0.0512613576048397"
"insmilitia.com",0,0,"1"
"hotsheetpro.com",1,0,"0"
"donck.com",1,0,"0"
"as199332.net",0,0,"0"
"nze.moe",1,0,"0"
"gomebox.com",1,0,"0"
"ip-213-32-50.eu",1,0,"0"
"by.coloprovider",0.775,0,"0.373698904340497"
"wittevanmoort.nl",0,0,"0"
"dpdk.com",0,0,"0"
"concorp.nl",0,1,"0"
"techsgo.net",1,0,"1"
"online.nl",0.936216613575104,0,"0.102781482538688"
"as5580.net",0.333333333333333,0,"0"
"alter.net",0.6,0,"0"
"hairplusmc.nl",1,0,"0"
"bies.nl",0,1,"0"
"uaservers.net",0,0,"1"
"ip-217-182-113.eu",0,0,"1"
"totalin.com",1,0,"0"
"ip-217-182-157.eu",1,0,"1"
"vdda.nl",0,0,"1"
"beveco.nl",1,0,"0"
"befashionvictim.com",1,0,"1"
"markantapeldoorn.nl",1,0,"1"
"astralus.net",0,0,"0"
"squish.net",1,0,"0"
"maxdesigns.be",0,0,"1"
"vqbn.com",0,1,"0"
"2.deltahost-ptr",0,1,"0"
"miamo.nl",0,0,"1"
"wlg.nl",0,0,"0"
"aponop.nl",1,0,"0"
"at.local",1,0,"1"
"devcapsule.com",0.5,0,"0.95"
"infine.nl",1,0,"0"
"perfectsky.nl",1,0,"0"
"hostia.us",0.25,0,"0"
"hyperhost.name",0,0,"0"
"cbizz.nl",0.783272058823529,0.098468137254902,"0.0722519553618631"
"gpocss.com",0,0,"0"
"fivecool.net",1,0,"0"
"ccdd19.com",0,0,"0"
"amity.nl",1,0,"0"
"verkooptool.site",1,0,"0"
"solidnature.com",1,0,"0"
"nvbict.nl",0.777777777777778,0.222222222222222,"0"
"werktuigenbouwdienst.nl",1,0,"1"
"softsvc00.info",0,0,"0"
"aorta.net",0.5,0,"0"
"twsnetworks.com",0.5,0,"0"
"microsoftdispositivos.es",0,0,"1"
"avs-amazon.eu",0,0,"0"
"tumill.nl",1,0,"0"
"heberjahiz.com",0,0,"0"
"high5.nl",1,0,"0"
"8host.com",0,0,"0"
"opens.eu",1,0,"0"
"trined.nl",0.75,0.0909090909090909,"0.204704396480712"
"enetco.nl",1,0,"0"
"hmbgroep.nl",0,1,"0"
"premeco.nl",1,0,"0"
"tim-online.nl",1,0,"0"
"bolkendebekker.nl",1,0,"0"
"transip.nl",0.5,0,"0"
"traiddns.net",1,0,"0"
"constellationservers.net",1,0,"1"
"terremark.com",1,0,"0"
"datinglab.net",1,0,"0"
"vanwijknieuwegein.nl",1,0,"0"
"vaneert.nl",1,0,"0"
"awcloud.nl",0,0,"1"
"stannet.nl",0.5,0,"0.734299516908213"
"hostghost.nl",0,0,"0"
"in-addr.arpa",0.737179487179487,0,"0.259816681856156"
"sekershell.com",0,0,"0"
"hostry.com",1,0,"1"
"sleeswijkvisser.nl",1,0,"0"
"shtepiaime.com",0,0,"1"
"pdu02.local",1,0,"0"
"fontys-educatief.nl",0,0,"1"
"dorrestijn.com",1,0,"1"
"aniforte.nl",0,0,"1"
"hosted-hostlim.eu",1,0,"0"
"zozze.biz",0,0,"1"
"partyservice.nl",1,0,"0"
"intermax-dsl.nl",1,0,"0"
"anntaveirne.nl",0,0,"0"
"nostringsconnect.com",0.625,0,"0.668333333333333"
"edacom.nl",0,1,"0"
"spamtraps.org",1,0,"0"
"carrier2carrier.com",1,0,"0"
"versnel.nl",1,0,"0"
"knothserv41.nl",0,0,"1"
"3.40",1,0,"0.188332608538088"
"hostlife.net",0,0,"1"
"leaseweb.nl",1,0,"0"
"ecodedi.com",1,0,"1"
"colt.net",0.354166666666667,0,"0"
"krabbendam.nl",1,0,"0"
"vanekeris.nl",1,0,"0"
"burg-machinefabriek.nl",1,0,"0"
"pertijs.nl",1,0,"1"
"coolhost.nl",0,1,"0"
"apache.org",0,0,"0"
"personalrelocation.nl",1,0,"0"
"procount.nl",1,0,"0"
"mine.nu",1,0,"0"
"interka.pl",1,0,"0"
"virtualcenter.nl",1,0,"0"
"meersaas.nl",1,0,"0"
"docsdeals.trade",0,0,"1"
"finalhosting.nl",1,0,"0"
"sb-groep.nl",0,0,"0"
"esa.int",0.5,0,"0.316455696202532"
"i2dot.net",0,0,"1"
"kolido.net",1,0,"0"
"beekman.nl",0,0,"0"
"flipneus.net",0,0,"0"
"ictprovider.nl",0.952380952380952,0.0476190476190476,"0"
"mfc-pwd.tk",1,0,"1"
"plantsoenstraat.nl",1,0,"0"
"kleingunnewiek.com",1,0,"0"
"rte.nl",1,0,"0.532558139534884"
"balans.mobi",1,0,"0"
"s-d-m.nl",0,0,"1"
"airs.nl",1,0,"1"
"bd-pd.nl",1,0,"0"
"inxy.host",0,0,"1"
"hosted.nl",1,0,"0.0128458056872154"
"xentronix.nl",0.25,0,"0"
"agrovent.nl",0,1,"0"
"darkness-reigns.net",1,0,"0"
"natrohost.com",1,0,"0"
"verifiedgoals.com",1,0,"0"
"radiant.net",1,0,"1"
"pcg-it.nl",1,0,"0"
"securest.biz",1,0,"0"
"arsis.eu",1,0,"0"
"colocenter.nl",0.884920634920635,0.108134920634921,"0.0970286594875116"
"mdhrondhout.com",1,0,"0"
"2bruder.com",0,0,"0"
"iconyachts.eu",1,0,"0"
"vertixo.com",0,1,"0"
"traction-it.net",0,0,"0"
"prinsbv.eu",1,0,"0"
"leaseweb.com",0.969444444444444,0,"0.0180328261535703"
"windhoosnl.nl",0.5,0.25,"0.350076103500761"
"cloud4work.nl",1,0,"0"
"wsi-models.com",0,1,"0"
"colo.nl",1,0,"0"
"geoict.nl",0,1,"0"
"kwekerij-amaranthos.nl",1,0,"0"
"orangeaccess.nl",1,0,"0"
"inconel.nl",0,0,"0"
"cathedral-networks.org",0,0,"0"
"barkmeijer.nl",1,0,"1"
"caretrex-logistiek.nl",0,0,"1"
"truesenders.net",1,0,"0"
"vanas.nl",1,0,"1"
"voip.ua",1,0,"0"
"194-wifi4all.nl",1,0,"0"
"pelican-ict.nl",1,0,"0"
"lycee.nl",0,1,"0"
"xxlnet.nl",0.976190476190476,0,"0.0630922175169963"
"ip-54-37-176.eu",1,0,"1"
"microsoft.com",0,0,"1"
"toned.nl",0,0,"0"
"proxyjammer.com",0,0,"0"
"acehookup.com",1,0,"0"
"wubbenbauer.nl",1,0,"0"
"cinfuserver.com",0,0,"0"
"ip-5-196-133.eu",0,0,"1"
"termaten.nl",0,0,"0"
"ip-91-134-204.eu",0,0,"1"
"kentis.nl",1,0,"1"
"hetveer.nl",1,0,"0"
"warmtebouw.nl",1,0,"0"
"fpp-bv.nl",1,0,"0"
"drawnacy.com",1,0,"0"
"kampstransport.nl",1,0,"1"
"slib.fr",1,0,"0"
"dicap.nl",1,0,"0"
"vdberk-assurantien.nl",1,0,"0"
"flippingz.info",0,0,"1"
"planet.nl",0.832669436298469,0.026447576942445,"0.129908685640549"
"cheslindo.com",0,0,"1"
"pooh-bah.com",0,0,"1"
"computerline.net",1,0,"0"
"valadis.nl",1,0,"0"
"agsadministraties.nl",1,0,"0"
"hostmax.nl",1,0,"0"
"ip-213-32-44.eu",1,0,"0"
"tenhove-pallets.nl",1,0,"0"
"evac-valves.com",1,0,"0"
"exception.nl",0,0,"0.824766355140187"
"nrp.co",1,0,"0"
"wifitenne.com",1,0,"1"
"vicair.com",1,0,"0"
"kvh.nl",1,0,"0"
"audiobizz.nl",0,0,"0"
"vdschans.nl",1,0,"0"
"schwule-gaysex.info",1,0,"0"
"stackip.net",0.5,0,"0"
"notoservices.nl",0,0,"1"
"elektro-enkhuizen.nl",1,0,"0"
"versatel.net",0.845402105734767,0.0221354166666667,"0.313593274518605"
"asens.net",1,0,"0"
"jsr-it.nl",1,0,"1"
"ip-5-196-239.eu",1,0,"1"
"2hip.nl",0,0,"0"
"jhte.nl",0,0,"1"
"accuratesmtp.com",1,1,"0"
"mordamus.nl",1,0,"0"
"juta-holland.nl",1,0,"1"
"atbautomation.eu",1,0,"0"
"alpi.nl",1,0,"1"
"immohali.be",1,0,"0"
"breedbanddelft.nl",0.8,0,"0.458108108108108"
"servidoresseguros.com",1,0,"0"
"datapacket.com",1,0,"0"
"johnnopastor.nl",1,0,"0"
"peakaudio.nl",0,0,"0"
"netformatie.nl",1,0,"0"
"szarvas.camp",0,0,"1"
"datafiber.nl",0.825757575757576,0.0909090909090909,"0.765100886743689"
"park-web.ru",0,0,"0"
"bahai.nl",1,0,"0"
"byte.it",1,0,"0"
"voosten.com",1,0,"0"
"rolloos.eu",0,0,"0"
"worldstream.nl",0.842105263157895,0,"0.26505060371727"
"cogentco.com",0.8,0,"0.00238095238095238"
"cj2.nl",0.916666666666667,0,"1"
"sandfirden.nl",0,0,"0"
"seacomnet.com",1,0,"1"
"haagwonen.nl",1,0,"1"
"kwekerijdewieringermeer.nl",0,0,"0"
"foxgl.nl",1,0,"0"
"solnederland.nl",0,0,"0"
"knwu.nl",0,0,"1"
"bit.nl",0.864583333333333,0.0104166666666667,"0.101954855601914"
"procolix.com",0,0,"1"
"networkvision.nl",1,0,"0"
"nooteboomtrading.com",1,0,"1"
"excelnode.com",0,0,"1"
"as61349.net",1,0,"0"
"minkema.nl",0,0,"0"
"codely.nl",0,0,"1"
"sabrowebhosting.nl",1,0,"0"
"mommyholding.nl",1,0,"0"
"efbq.nl",1,0,"0"
"teambasecrm.com",1,0,"0"
"kleurenprinter.nl",1,0,"0"
"wijneninstallaties.com",0,0,"0"
"fnv.net",0,0,"0.899141802392924"
"presslabs.net",0,0,"1"
"younitymedia.nl",1,0,"0"
"iaf.nl",1,0,"0.0032258064516129"
"infopact.nl",0.941840478263187,0.0282732543334459,"0.00984861947218003"
"a3bc.eu",0.562910208071498,0,"0"
"freez.it",1,0,"0"
"zenopx.nl",1,0,"0"
"pruim.eu",1,0,"0"
"advado.nl",0,0,"0"
"bitency.net",1,0,"0.338862559241706"
"hqserver.net",1,0,"0.5875"
"btcnet.nl",1,0,"1"
"marle.nl",1,0,"0"
"ip-145-239-38.eu",0,0,"0"
"sinarohost.com",1,0,"1"
"whogohost.com",0.986842105263158,0,"0.0871870193298765"
"reliertech.com",0,0,"1"
"ookarchitecten.nl",0,1,"0"
"dajo.nl",0,0,"0"
"sshunet.nl",0,0,"0"
"careerfactory.nl",1,0,"1"
"oenemabv.nl",1,0,"0"
"devcon.nl",1,0,"1"
"besseling-group.com",1,0,"0"
"surfnet.nl",1,0,"1"
"vandeurzen.info",1,0,"0"
"hoezokado.nl",0,0,"1"
"backbase.com",1,0,"0"
"purepeak.com",1,0,"0"
"glasscannon.ru",0,0,"1"
"niet.net",1,0,"0"
"parkettree.nl",1,0,"0"
"tmdcloud.eu",1,0,"0"
"xenosite.net",0.840248077030377,0.0835214118455355,"0.035440782423956"
"metrompls.com",1,0,"0.108695652173913"
"scarto.nl",1,0,"0"
"claranet.nl",0.875,0,"0.112015540997842"
"oponi.nl",0,0,"1"
"triple-t-services.nl",1,0,"0"
"clouddiskspace.nl",0,0,"1"
"retailsynergie.nl",0,0,"0"
"ddns.net",1,0,"0.0108527131782946"
"bs2321.net",0,0,"0"
"anonimage.net",0,0,"1"
"bganglobalnet.net",1,0,"0"
"vivente.nu",1,0,"0"
"dtd.nl",1,0,"0"
"amitec.nl",0,0,"1"
"64bitswebhosting.eu",0,0,"1"
"zer0sec.xyz",1,0,"0"
"futuresgroup.nl",0,0,"1"
"ip-51-255-2.eu",0,0,"1"
"selectiebedrijfkooi.nl",1,0,"1"
"technohal.nl",1,0,"0"
"collall.nl",0,1,"0"
"hovago.com",0,0,"0"
"heluto.nl",1,0,"0"
"11.be",0,0,"0"
"aprvsactprocd.com",1,0,"1"
"eray.eu",1,0,"0"
"35.1",1,0,"0.0969678884463224"
"ardasugur.com",0,0,"1"
"posta-ime.com",0,0,"1"
"prinsbouwbv.nl",1,0,"0"
"commplaza.nl",1,0,"0"
"wifi4all.nl",0.681818181818182,0.18268290848936,"0.0183395244457706"
"ockham.nl",0,0,"0"
"global-ict.nl",1,0,"0"
"skyaccess.nl",1,0,"0"
"i4ip.net",0.71474358974359,0.0384615384615385,"0"
"hostsailor.com",0.777777777777778,0,"0.000158923330231226"
"snel.com",0.575,0,"0.123562610229277"
"isatis.nl",1,0,"0"
"estrate.nl",0,0,"0"
"vdstap.com",1,0,"0"
"cjaccountancy.nl",0,0,"1"
"ecodrukkers.nl",0,0,"0"
"xofferforu.com",1,0,"0"
"kerasom.nl",1,0,"0"
"weever.nl",0,0,"1"
"xsdsl.net",0.567255434782609,0.167119565217391,"0.0272470550331211"
"rightsite.nl",1,0,"0"
"rijnmondict.nl",1,0,"0"
"ip-151-80-125.eu",0.75,0,"0.404824561403509"
"giganews.com",0,0,"0"
"party-planning.co",0,0,"1"
"5060.nl",0,0,"1"
"data898.info",0,0,"0"
"isolco.nl",1,0,"0"
"svsadvocates.com",1,0,"0"
"dupaco.nl",1,0,"1"
"host-palace.com",0.888888888888889,0,"0"
"pinguinradio.com",1,0,"0"
"stoverink.nl",1,0,"0"
"vmanen.com",1,0,"0"
"mijnplek.com",1,0,"0"
"companioncc.nl",0,0,"0"
"172.deltahost-ptr",0,1,"0"
"reisstudiotrips.nl",0,0,"0"
"hirschmann.nl",1,0,"1"
"perviam.nl",1,0,"0"
"adriaanswonenwerken.nl",0,0,"0"
"vertasolutions.nl",1,0,"0"
"parthos.com",1,0,"0"
"vdwaltransport.nl",1,0,"0"
"3winfra.com",0.903133903133903,0,"0"
"xdsl-bb.nl",1,0,"0"
"datedive.com",0.3,0,"0.956028368794326"
"twintech.eu",1,0,"1"
"clara.net",0.5,0,"0"
"as51050.net",0.961714285714286,0.0382857142857143,"0.00454785591684314"
"webcrowd.net",0,0,"1"
"58.deltahost-ptr",0,1,"0"
"whst.nl",1,0,"1"
"digitalwanderlust.nl",1,0,"0"
"netaware.net",1,0,"1"
"dgadvocaten.nl",1,0,"0"
"ip-eend.nl",1,0,"1"
"jbpd.nl",1,0,"0"
"webhostplus.nl",0,0,"1"
"ferytaleshosting1.com",0,0,"0"
"concepts.nl",0.818971568971569,0.027027027027027,"0.111940696522612"
"loko-verpakkingen.nl",0,0,"0"
"infinityfour.net",1,0,"0"
"kanterslogistiek.nl",1,0,"0"
"ikl-bv.nl",0,1,"0"
"chrjsn.se",0,0,"1"
"tracy.nu",0,0,"0"
"progressix.net",1,0,"0"
"depoort.org",0,1,"0"
"atom86.net",0.25,0,"0.468939393939394"
"hosted-by-leaseweb.com",0.888888888888889,0,"0"
"intersurfibra.es",1,0,"1"
"novahost.gr",1,0,"1"
"beelaertsict.nl",1,0,"0"
"securedservers.com",1,0,"0"
"elegastbeheer.nl",1,0,"0"
"blazingfast.io",0,0,"1"
"steegman.nl",1,0,"0"
"proactmedia.nl",1,0,"0"
"ip-149-202-144.eu",1,0,"0"
"solvesmash.com",1,0,"0"
"gewerblich.info",0,0,"0"
"nlhosting.nl",0.333333333333333,0.166666666666667,"0"
"autoretraite.com",1,0,"0"
"cu4xs.com",0,0,"1"
"slaatswaalwijk.nl",0,1,"0"
"sshnet.nl",1,0,"1"
"vpnxs.nl",1,0,"1"
"proveropharma.nl",1,0,"0"
"emptyspace.nl",0.5,0,"0.927272727272727"
"previder.nl",0,0,"0"
"51hbm.com",0,0,"0"
"pasynike.nl",1,0,"0"
"powerhosted.nl",1,0,"0"
"totaluptime.net",1,0,"0"
"parktrust.nl",0,0,"0"
"officespecialisten.nl",1,0,"0"
"thunder.com",0,0,"0"
"vargonen.net",1,0,"0"
"blinkenlights.nl",0,0,"1"
"geniaalinstaal.nl",1,0,"0"
"coltfrance.com",1,0,"0"
"katoennatie.com",1,0,"0"
"ekibv.nl",1,0,"0"
"ek-hosting.info",0,0,"0"
"damousys.nl",1,0,"1"
"ip-54-37-47.eu",1,0,"0"
"sl-reverse.com",0.625,0,"0.263491898466744"
"yourfix.nl",1,0,"0"
"best-coupondiscount.com",0.75,0,"0"
"2dayhost.com",1,0,"0"
"computel.nl",0.244444444444444,0.0666666666666667,"0"
"choopa.net",1,0,"0"
"zylon.net",1,0,"0"
"qore.nl",0.172222222222222,0,"0.557428204349257"
"frigobreda.com",1,0,"0"
"openfiber.nl",0.888888888888889,0,"0.189290981879477"
"123friluft.no",1,0,"0"
"thetube.ch",0,0,"1"
"dbl-lunteren.nl",0,0,"0"
"utelisys.net",1,0,"0.551020408163265"
"ziggo.nl",0.797150966278338,0.0149684315736388,"0.139810414574717"
"vibubv.nl",1,0,"0"
"zeus.pm",0,0,"1"
"hertzinger.net",1,0,"0"
"keensystems.eu",1,0,"0"
"breedbandarnhem.nl",1,0,"0"
"o4s.nl",1,0,"0"
"wwoo.nl",0,0,"1"
"kakohost.com",1,0,"0"
"par30dl.com",0,0,"0"
"mijnenergieverdubbelaar.nl",0,0,"1"
"globalindustry.nl",0,0,"0"
"prodist.nl",1,0,"0"
"totalpackaging.nl",0,0,"0"
"flussonic.com",0,0,"1"
"cuci.nl",1,0,"0"
"tuindeco.nl",1,0,"0"
"vodafone.nl",1,0,"0"
"edutel.nl",0.874003189792663,0.0148856990962254,"0.180450733521736"
"fiber.nl",0.864583333333333,0,"0.452297419273114"
"cbf.nl",1,0,"0"
"happycopy.nl",0,1,"0"
"password.nl",1,0,"0"
"eurokoffie.com",1,0,"0"
"ykoon.net",1,0,"0"
"legrotransport.nl",1,0,"0"
"ip-213-32-56.eu",1,0,"0"
"transip.net",0.335238095238095,0,"0.490047021359848"
"dvdh.cloud",1,0,"1"
"deltawood.nl",1,0,"0"
"residence-wijnen.nl",1,0,"0"
"phunc.com",0,0,"1"
"suncircle.nl",1,0,"1"
"veld.nl",1,0,"0.367647058823529"
"mangelot.nl",0,0,"0"
"flexibeleuropebv.nl",1,0,"0"
"argeweb.nl",0,0,"0.667410714285714"
"fellownet.nl",1,0,"1"
"regiopoortwachters.nl",1,0,"0"
"a2webhosting.com",1,0,"0"
"alelight.nl",1,0,"0"
"kleinestappen.nl",0,0,"1"
"secureserver.net",0,0,"1"
"msgnl.com",1,0,"0"
"henkschram.nl",1,0,"1"
"msn.com",0,0,"1"
"85.deltahost-ptr",1,0,"0"
"jobeco.nl",0,0,"0"
"bbserv.nl",0.745406400812802,0.0898565015132353,"0.0847715170864878"
"koddos.com",1,0,"0.748947368421053"
"aboc.com",1,0,"0"
"level3.net",0.25,0,"0"
"hosted-by-i3d.net",1,0,"0"
"tvds.net",0,0,"1"
"vendit.nl",1,0,"0"
"dewolfproducts.nl",1,0,"1"
"returning.net",0,0,"0"
"gilinspector.ru",0,0,"1"
"schipholconnect.nl",0.666666666666667,0,"0"
"vbr-turbinepartners.com",0,0,"0"
"strabo.nl",0,1,"0"
"menkenorlando.nl",1,0,"0"
"pepeparts.nl",1,0,"0"
"polycall.nl",1,0,"0"
"amcconsultancy.nl",0,0,"1"
"jbsoft.nl",0,0,"1"
"inquota.nl",0.666666666666667,0,"0.733333333333333"
"tenheggeler.nl",1,0,"0"
"platoniq.net",0,0,"1"
"bigdealo.com",1,0,"1"
"icehosting.nl",1,0,"1"
"as47869.net",1,0,"0"
"user.ml",1,0,"1"
"vps-private.net",1,0,"0"
"veritek.eu",1,0,"0"
"solutions-center.nl",1,0,"0"
"signaleyes.nl",0,0,"1"
"crossnetworks.nl",1,0,"0"
"verbij.nl",1,0,"1"
"debeijernet.nl",0.583333333333333,0.166666666666667,"0.207333333333333"
"4everackable.com",0,0,"1"
"cavdenham.nl",1,0,"0"
"ettbud.se",0,0,"1"
"itldc-customer.net",0,0,"1"
"debeijer.nl",1,0,"0"
"comedia.nl",1,0,"0"
"rapidhost.com",0,0,"0"
"autodealers.nl",1,0,"0"
"pasmansgasgarde.nl",1,0,"0"
"as24730.nl",0,1,"0"
"bt.net",0.8,0,"0.274881516587678"
"pxl.nl",1,0,"0"
"creamsidetwo.cf",0,0,"0"
"omnibusra.nl",1,0,"0"
"brinkman-rensen.nl",1,0,"0"
"telfort.nl",0.965469790066564,0.00036116597176505,"0.300499016816922"
"ip-137-74-35.eu",1,0,"0.559405940594059"
"hendrikxdakengevel.nl",0,0,"0"
"profidirect.com",1,0,"0"
"autoservicebakker.nl",1,0,"0"
"bioderij.nl",1,0,"0"
"deincassotheekwordpress.nl",0,0,"1"
"sytes.net",1,0,"1"
"visitid.nl",1,0,"0"
"masclub.ru",1,0,"0"
"nhmr.nl",0,0,"0"
"zaam-accountants.nl",0,0,"0"
"resource.cloud",0,0,"0"
"ip-51-38-175.eu",1,0,"0"
"solidbe.nl",0,1,"0"
"fiddelaers.nl",0,0,"0"
"tresis.nl",1,0,"0"
"webfaction.com",1,0,"0"
"it-linq.nl",1,0,"1"
"orka.nl",1,0,"0"
"pure-isp.eu",0,0,"1"
"herdi.nl",0,1,"0"
"msk.ru",0,0,"1"
"dataweb.net",0.689173789173789,0,"0.0933448081414734"
"reenen.nl",1,0,"0"
"barendsenstaaltechniek.nl",1,0,"0"
"247.deltahost-ptr",0,1,"0"
"global-e.nl",0.916666666666667,0,"0"
"topsupportdakwerken.nl",0,0,"0"
"compromise.nl",0,0,"0"
"interpartsonline.nl",1,0,"1"
"surfsara.nl",0,0,"0"
"bi3oshra.trade",0,0,"1"
"nebis.nl",0,1,"0"
"hollandduurzaam.nl",1,0,"0"
"n0pe.me",0,0,"1"
"raadbarendrecht.nl",1,0,"1"
"zenguard.co",0,0,"1"
"vianetworks.nl",1,0,"0"
"voiped.eu",1,0,"0"
"squarelemon.com",0,0,"1"
"computens.nl",1,0,"0"
"spotstreaming.nl",1,0,"0"
"rotec-tools.nl",1,0,"0"
"sbnl.nl",1,0,"0"
"sec.nl",1,0,"1"
"bytebridge.net",1,0,"0"
"prutsnet.nl",1,0,"1"
"apppolar.info",0,0,"1"
"eqweb.nl",0.666666666666667,0,"0"
"networkconcepts.nl",0.6,0.05,"0.128185045948204"
"tanhost.com",1,0,"0"
"deltacom-cloud.nl",1,0,"0"
"forcys.nl",0,1,"0"
"axoft.nl",0,0,"0"
"huge-dns.com",0,0,"0"
"net.ua",0,0,"1"
"kik.nl",1,0,"0"
"usenet.net",0,0,"0"
"nijwie.nl",0,1,"0"
"regulair.nl",0,0,"0"
"florensis.com",1,0,"0"
"ip-54-36-89.eu",1,0,"1"
"cyso.net",0,0,"1"
"internl.net",0.659090909090909,0.0227272727272727,"0.0115488921409974"
"blikaystiro.us",0,0,"1"
"thelaeva.com",0,0,"0"
"dabco-ict.nl",1,0,"0"
"knol.com",1,0,"0"
"triplon.net",0.5,0.5,"0"
"fsupport.nl",1,0,"0"
"rainhost.net",1,0,"0"
"devrijqs.nl",1,0,"0"
"maatschapmaris.nl",0,0,"0"
"kleipool.org",1,0,"0"
"tele2.net",0,0,"0"
"linulex.net",1,0,"0"
"rebo.nl",1,0,"0"
"esprittele.com",0.96,0,"0"
"lieven.nl",1,0,"0"
"malwaremustdie.org",1,0,"0"
"finalisten.se",1,0,"0"
"huizinga.nl",1,0,"0"
"oxilion.nl",0,0,"0"
"infra24.nl",1,0,"0"
"layershift.ru",0,0,"1"
"unet.nl",0.858743743743744,0.08501001001001,"0.0489878864454997"
"upc.nl",0.802900107411386,0.0214822771213749,"0.222739695993876"
"netnautics.net",1,0,"0"
"spectraip.net",0.2,0,"0"
"sparkling-it.com",1,0,"0.816964285714286"
"ip-151-80-69.eu",1,0,"1"
"in4.hr",1,0,"0"
"ip-54-37-125.eu",1,0,"0"
"morene.host",0,0,"1"
"ip-91-134-187.eu",1,0,"0.966257668711656"
"xlshosting.net",0,0,"1"
"artofautomation.net",0,0,"0"
"insolvit.nl",0,1,"0"
"rsabc.nl",0,0,"0"
"totalin.net",1,0,"0"
"glashandelwolf.nl",0,1,"0"
"moeskopsgrafisch.nl",1,0,"0"
"w3media.nl",1,0,"0"
"krolpompen.nl",1,0,"0"
"pocosnet.nl",0.736363636363636,0.00779220779220779,"0.0815597178995008"
"smartdc.net",1,0,"0"
"milaealberto.com",1,0,"0"
"hulsbosch.nl",1,0,"0"
"pdhost.net",1,0,"0.027027027027027"
"bemorail.nl",0,0,"0"
"stl-webs.com",1,0,"0"
"rpr.nl",1,0,"0"
"wangzi.ml",0,0,"1"
"equinix.net",0.333333333333333,0.666666666666667,"0"
"cyclots.info",1,0,"0"
"vanoersfruit.nl",1,0,"0"
"kalvermesterijhooijer.nl",1,0,"1"
"caresse-cosmetics.nl",1,0,"0"
"dynamicvision.nl",1,0,"1"
"conet.nl",0,1,"0"
"netcon.nl",0.0909090909090909,0,"0"
"tele-job.nl",1,0,"0"
"lexavps.com",1,0,"0"
"aventus.nl",1,0,"1"
"iptechnologies.net",1,0,"0"
"da-capobv.nl",0,1,"0"
"by.pcextreme",0.15625,0.21875,"0.0538773756835431"
"vultr.com",0.515277777777778,0.00555555555555555,"0.581723791204731"
"suurmeijer-assen.nl",0,0,"0"
"portexlogistics.com",1,0,"0"
"dijkmabv.com",1,0,"1"
"dnsname.nl",1,0,"0"
"ip-217-182-234.eu",0,0,"0"
"fssolutions.nl",1,0,"0"
"scanimex.nl",0,0,"0"
"ajtec.nl",1,0,"0"
"wkmcornelisse.com",1,0,"0"
"nextpertise.nl",0.75,0,"0"
"babytest.tk",0,0,"0"
"equipezorgbedrijven.nl",1,0,"0"
"granddns.info",0,0,"1"
"synchronlab.com",1,0,"0"
"masc.nl",1,0,"0"
"foxxl.nl",1,0,"0"
"onzeboomhut.nl",1,0,"0"
"climarad.com",0,1,"0"
"henktroeijen.nl",0,1,"0"
"unilogicnetworks.net",0,0,"0"
"3musk.nl",1,0,"1"
"as51430.net",1,0,"0.294392523364486"
"is.nl",0.648148148148148,0.0555555555555556,"0.129898012347703"
"example.com",0.333333333333333,0,"0.00416666666666667"
"flex2go.nl",1,0,"0"
"tifavliet.nl",1,0,"0"
"koekjes.net",1,0,"0"
"enternext.com",1,0,"0"
"netlan.nl",0.833333333333333,0,"0.00193798449612403"
"vivisol.nl",0,0,"0"
"egcs.nl",1,0,"0"
"27-wifi4all.nl",1,0,"0"
"debontebie.be",0,0,"1"
"uqobo.com",0,0,"1"
"totallyhosted.nl",0.833333333333333,0,"0"
"kristelsfashion.nl",1,0,"1"
"ip-91-134-166.eu",1,0,"1"
"dhst.nl",1,0,"0"
"cobbler.nl",1,0,"0.114126084390402"
"secruest.org",1,0,"0"
"paullortye.nl",1,0,"0"
"cloudvps.com",0.233333333333333,0,"0.795548542588016"
"fette-luder.info",1,0,"1"
"mebabeveiligingen.nl",1,0,"0"
"consciousenergy.science",0,0,"1"
"a2000.nu",0.5,0,"0.456018518518519"
"fok.nl",1,0,"0"
"eatspam.nl",1,0,"0"
"lcl.nl",1,0,"0"
"doesburg-transport.nl",1,0,"0"
"partoftop.com",1,0,"0"
"solidcloud.eu",0,0,"1"
"true.nl",0.5,0,"0.181192660550459"
"swcl001.lsw",1,0,"0"
"tiez.net",1,0,"0"
"lotynamotolotni.pl",1,0,"0"
"serveo.nl",1,0,"0"
"mediacaster.nl",0.75,0,"0.428571428571429"
"gildewerk.com",0.5,0,"0"
"potatocommerce.com",1,0,"0"
"rampants.com",1,0,"0"
"ip-51-254-237.eu",1,0,"1"
